{
  "name": "fnm-next",
  "version": "0.1.0",
  "private": true,
  "scripts": {
    "dev": "next dev -H 143.110.255.201 -p 8000",
    "build": "next build",
    "start": "node_modules/next/dist/bin/next start -H 143.110.255.201 -p 8000",
    "heroku-postbuild": "npm run build",
    "lint": "next lint"
  },
  "dependencies": {
    "@ckeditor/ckeditor5-build-classic": "^28.0.0",
    "@ckeditor/ckeditor5-react": "^3.0.3",
    "@material-ui/core": "^4.12.4",
    "@popperjs/core": "^2.11.6",
    "@reduxjs/toolkit": "^1.9.1",
    "aws-sdk": "^2.980.0",
    "axios": "^0.21.4",
    "babel-runtime": "^6.26.0",
    "bootstrap": "^5.2.3",
    "cross-env": "^7.0.3",
    "device-detector-js": "^3.0.3",
    "dotenv": "^10.0.0",
    "exceljs": "^4.3.0",
    "express": "^4.18.2",
    "express-fileupload": "^1.4.0",
    "formidable": "^1.2.2",
    "formidable-serverless": "^1.1.1",
    "got": "^11.8.5",
    "jimp": "^0.16.2",
    "jquery": "^3.6.1",
    "js-cookie": "^3.0.1",
    "jsonwebtoken": "^8.5.1",
    "mailgun-js": "^0.22.0",
    "md5": "^2.3.0",
    "metascraper": "^5.32.2",
    "metascraper-description": "^5.32.1",
    "metascraper-image": "^5.32.1",
    "metascraper-title": "^5.32.1",
    "metascraper-url": "^5.32.1",
    "moment": "^2.29.4",
    "moment-timezone": "^0.5.39",
    "multer": "^1.4.4",
    "multer-s3": "^2.10.0",
    "multiparty": "^4.2.3",
    "mysql": "^2.18.1",
    "next": "^11.1.4",
    "next-connect": "^0.10.2",
    "next-redux-wrapper": "^7.0.5",
    "next-s3-upload": "^0.1.9",
    "node-abort-controller": "^2.0.0",
    "nodemailer": "^6.8.0",
    "nodemailer-mailgun-transport": "^2.1.5",
    "nodemailer-smtp-transport": "^2.7.4",
    "nprogress": "^0.2.0",
    "react": "^17.0.2",
    "react-apple-login": "^1.1.6",
    "react-device-detect": "^2.2.2",
    "react-dom": "^17.0.2",
    "react-email-share-link": "^1.0.3",
    "react-facebook": "^8.1.4",
    "react-google-login": "^5.2.2",
    "react-google-recaptcha": "^2.1.0",
    "react-hook-form": "^7.40.0",
    "react-html-parser": "^2.0.2",
    "react-icons": "^4.7.1",
    "react-image-file-resizer": "^0.4.8",
    "react-paginate": "^7.1.5",
    "react-player": "^2.11.0",
    "react-redux": "^7.2.9",
    "react-share": "^4.4.1",
    "react-toastify": "^7.0.4",
    "reactstrap": "^8.10.1",
    "redux": "^4.2.0",
    "redux-devtools-extension": "^2.13.9",
    "redux-persist": "^6.0.0",
    "redux-thunk": "^2.4.2",
    "remote-redux-devtools": "^0.5.16",
    "resize-image-buffer": "^1.0.0",
    "resize-img": "^2.0.0",
    "sharp": "^0.29.3",
    "slugify": "^1.6.5",
    "suneditor": "^2.44.3",
    "suneditor-react": "^3.4.1",
    "swr": "^0.5.7"
  },
  "devDependencies": {
    "eslint": "7.28.0",
    "eslint-config-next": "11.0.0",
    "html-loader": "^2.1.2",
    "json-loader": "^0.5.7"
  },
  "description": "",
  "main": "next.config.js",
  "directories": {
    "lib": "lib"
  },
  "repository": {
    "type": "git",
    "url": "git+https://github.com/infowider11/nextjs.git"
  },
  "author": "",
  "license": "ISC",
  "bugs": {
    "url": "https://github.com/infowider11/nextjs/issues"
  },
  "homepage": "https://github.com/infowider11/nextjs#readme"
}
